candidate_id,honeypot_risk,skill_inflation_norm,keyword_stuffing_risk,career_anomaly_raw,behavioral_risk
CAND_0031820,0.5543478260869565,1.0,0.21739130434782608,0,0.75
CAND_0026016,0.5507905138339921,0.9090909090909091,0.13043478260869565,0,1.0
CAND_0039657,0.5507905138339921,0.9090909090909091,0.13043478260869565,0,1.0
CAND_0095116,0.5507905138339921,0.9090909090909091,0.13043478260869565,0,1.0
CAND_0052590,0.5434782608695652,1.0,0.17391304347826086,0,0.75
CAND_0016062,0.5290513833992094,0.9090909090909091,0.043478260869565216,0,1.0
CAND_0076990,0.5242753623188405,0.8333333333333334,0.13043478260869565,0,1.0
CAND_0082203,0.5242753623188405,0.8333333333333334,0.13043478260869565,0,1.0
CAND_0015051,0.5127090301003343,0.7692307692307692,0.17391304347826086,0,1.0
CAND_0058807,0.5068840579710145,0.8333333333333334,0.2608695652173913,0,0.75
CAND_0020685,0.5007905138339921,0.9090909090909091,0.13043478260869565,0,0.75
CAND_0047084,0.49601449275362325,0.8333333333333334,0.21739130434782608,0,0.75
CAND_0022528,0.48514492753623195,0.8333333333333334,0.17391304347826086,0,0.75
CAND_0080326,0.483399209486166,0.9090909090909091,0.2608695652173913,0,0.5
CAND_0013890,0.4742753623188406,0.8333333333333334,0.13043478260869565,0,0.75
CAND_0080810,0.4742753623188406,0.8333333333333334,0.13043478260869565,0,0.75
CAND_0081523,0.4742753623188406,0.8333333333333334,0.13043478260869565,0,0.75
CAND_0014932,0.46594202898550724,0.6666666666666666,0.13043478260869565,0,1.0
CAND_0048559,0.4616600790513834,0.9090909090909091,0.17391304347826086,0,0.5
CAND_0098813,0.4543478260869565,1.0,0.21739130434782608,0,0.25
CAND_0007830,0.4518394648829431,0.7692307692307692,0.13043478260869565,0,0.75
CAND_0067589,0.4518394648829431,0.7692307692307692,0.13043478260869565,0,0.75
CAND_0091375,0.4518394648829431,0.7692307692307692,0.13043478260869565,0,0.75
CAND_0015069,0.45079051383399205,0.9090909090909091,0.13043478260869565,0,0.5
CAND_0075747,0.45079051383399205,0.9090909090909091,0.13043478260869565,0,0.5
CAND_0055922,0.44601449275362326,0.8333333333333334,0.21739130434782608,0,0.5
CAND_0076946,0.44601449275362326,0.8333333333333334,0.21739130434782608,0,0.5
CAND_0050307,0.4442028985507246,0.6666666666666666,0.043478260869565216,0,1.0
CAND_0023332,0.4434782608695652,0.7142857142857143,0.17391304347826086,0,0.75
CAND_0055758,0.4434782608695652,0.7142857142857143,0.17391304347826086,0,0.75
CAND_0088995,0.4434782608695652,0.7142857142857143,0.17391304347826086,0,0.75
CAND_0005914,0.44347826086956516,1.0,0.17391304347826086,0,0.25
CAND_0033864,0.43768115942028984,0.6666666666666666,0.21739130434782608,0,0.75
CAND_0076644,0.43768115942028984,0.6666666666666666,0.21739130434782608,0,0.75
CAND_0022796,0.4351449275362319,0.8333333333333334,0.17391304347826086,0,0.5
CAND_0072658,0.4351449275362319,0.8333333333333334,0.17391304347826086,0,0.5
CAND_0057424,0.433399209486166,0.9090909090909091,0.2608695652173913,0,0.25
CAND_0086701,0.4326086956521739,0.7142857142857143,0.13043478260869565,0,0.75
CAND_0033501,0.43260869565217386,1.0,0.13043478260869565,0,0.25
CAND_0053262,0.42681159420289855,0.6666666666666666,0.17391304347826086,0,0.75
CAND_0062787,0.42681159420289855,0.6666666666666666,0.17391304347826086,0,0.75
CAND_0077940,0.42681159420289855,0.6666666666666666,0.17391304347826086,0,0.75
CAND_0019684,0.42427536231884055,0.8333333333333334,0.13043478260869565,0,0.5
CAND_0061862,0.42427536231884055,0.8333333333333334,0.13043478260869565,0,0.5
CAND_0051188,0.4235785953177257,0.7692307692307692,0.21739130434782608,0,0.5
CAND_0085804,0.42299077733860346,0.6060606060606061,0.043478260869565216,0,1.0
CAND_0048719,0.41646903820816866,0.6060606060606061,0.21739130434782608,0,0.75
CAND_0086753,0.4161835748792271,0.5555555555555556,0.08695652173913043,0,1.0
CAND_0009190,0.41594202898550725,0.6666666666666666,0.13043478260869565,0,0.75
CAND_0047215,0.41594202898550725,0.6666666666666666,0.13043478260869565,0,0.75
CAND_0084415,0.41594202898550725,0.6666666666666666,0.13043478260869565,0,0.75
CAND_0095947,0.41594202898550725,0.6666666666666666,0.13043478260869565,0,0.75
CAND_0094021,0.41270903010033433,0.7692307692307692,0.17391304347826086,0,0.5
CAND_0028065,0.4122282608695652,0.625,0.17391304347826086,0,0.75
CAND_0064517,0.4120958751393534,0.5128205128205128,0.13043478260869565,0,1.0
CAND_0029533,0.40559947299077737,0.6060606060606061,0.17391304347826086,0,0.75
CAND_0051318,0.40559947299077737,0.6060606060606061,0.17391304347826086,0,0.75
CAND_0091088,0.40559947299077737,0.6060606060606061,0.17391304347826086,0,0.75
CAND_0066120,0.4018394648829431,0.7692307692307692,0.13043478260869565,0,0.5
CAND_0027759,0.4013586956521739,0.625,0.13043478260869565,0,0.75
CAND_0028284,0.40079051383399206,0.9090909090909091,0.13043478260869565,0,0.25
CAND_0006198,0.40018115942028987,0.4166666666666667,0.21739130434782608,0,1.0
CAND_0083060,0.3993606138107417,0.5882352941176471,0.17391304347826086,0,0.75
CAND_0096565,0.3993606138107417,0.5882352941176471,0.17391304347826086,0,0.75
CAND_0094598,0.39903381642512076,0.4444444444444444,0.17391304347826086,0,1.0
CAND_0065302,0.39472990777338607,0.6060606060606061,0.13043478260869565,0,0.75
CAND_0068685,0.39472990777338607,0.6060606060606061,0.13043478260869565,0,0.75
CAND_0091774,0.3947045707915273,0.5128205128205128,0.2608695652173913,0,0.75
CAND_0017725,0.39420289855072466,0.6666666666666666,0.043478260869565216,0,0.75
CAND_0030587,0.39347826086956517,0.7142857142857143,0.17391304347826086,0,0.5
CAND_0030799,0.39035674470457077,0.5128205128205128,0.043478260869565216,0,1.0
CAND_0020451,0.3884910485933504,0.5882352941176471,0.13043478260869565,0,0.75
CAND_0029448,0.3884910485933504,0.5882352941176471,0.13043478260869565,0,0.75
CAND_0078963,0.3884910485933504,0.5882352941176471,0.13043478260869565,0,0.75
CAND_0010689,0.38816425120772946,0.4444444444444444,0.13043478260869565,0,1.0
CAND_0026247,0.3879227053140097,0.5555555555555556,0.17391304347826086,0,0.75
CAND_0053202,0.3879227053140097,0.5555555555555556,0.17391304347826086,0,0.75
CAND_0029029,0.38792270531400963,0.5555555555555555,0.17391304347826086,0,0.75
CAND_0067040,0.38792270531400963,0.5555555555555555,0.17391304347826086,0,0.75
CAND_0028875,0.3876811594202898,0.6666666666666666,0.21739130434782608,0,0.5
CAND_0034374,0.38383500557413597,0.5128205128205128,0.21739130434782608,0,0.75
CAND_0004980,0.3826086956521739,0.7142857142857143,0.13043478260869565,0,0.5
CAND_0011758,0.3826086956521739,0.7142857142857143,0.13043478260869565,0,0.5
CAND_0032823,0.3826086956521739,0.7142857142857143,0.13043478260869565,0,0.5
CAND_0052375,0.3826086956521739,0.7142857142857143,0.13043478260869565,0,0.5
CAND_0081013,0.3826086956521739,0.7142857142857143,0.13043478260869565,0,0.5
CAND_0054339,0.3818840579710145,0.4761904761904762,0.2608695652173913,0,0.75
CAND_0057148,0.3818840579710145,0.4761904761904762,0.2608695652173913,0,0.75
CAND_0015223,0.3784420289855073,0.4166666666666667,0.13043478260869565,0,1.0
CAND_0022545,0.3784420289855073,0.4166666666666667,0.13043478260869565,0,1.0
CAND_0075044,0.3776887871853547,0.5263157894736842,0.17391304347826086,0,0.75
CAND_0047281,0.3773386034255599,0.6060606060606061,0.2608695652173913,0,0.5
CAND_0065838,0.3770531400966184,0.5555555555555556,0.13043478260869565,0,0.75
CAND_0070376,0.3770531400966184,0.5555555555555556,0.13043478260869565,0,0.75
CAND_0001723,0.37681159420289856,0.6666666666666666,0.17391304347826086,0,0.5
CAND_0027472,0.37681159420289856,0.6666666666666666,0.17391304347826086,0,0.5
CAND_0073370,0.37681159420289856,0.6666666666666666,0.17391304347826086,0,0.5
CAND_0044119,0.375,0.5,0.0,0,1.0
CAND_0094920,0.3735785953177257,0.7692307692307692,0.21739130434782608,0,0.25
CAND_0096633,0.37310789049919485,0.3703703703703704,0.17391304347826086,0,1.0
CAND_0067161,0.3730978260869565,0.625,0.21739130434782608,0,0.5
CAND_0012375,0.3729907773386034,0.6060606060606061,0.043478260869565216,0,0.75
CAND_0070248,0.3729907773386034,0.6060606060606061,0.043478260869565216,0,0.75
CAND_0033739,0.3710144927536232,0.4761904761904762,0.21739130434782608,0,0.75
CAND_0053021,0.36986359761295823,0.39215686274509803,0.13043478260869565,0,1.0
CAND_0014449,0.3668192219679634,0.5263157894736842,0.13043478260869565,0,0.75
CAND_0039626,0.3668192219679634,0.5263157894736842,0.13043478260869565,0,0.75
CAND_0032992,0.36628527841342484,0.3508771929824561,0.17391304347826086,0,1.0
CAND_0011954,0.3659420289855072,0.6666666666666666,0.13043478260869565,0,0.5
CAND_0019294,0.3659420289855072,0.6666666666666666,0.13043478260869565,0,0.5
CAND_0022181,0.3659420289855072,0.6666666666666666,0.13043478260869565,0,0.5
CAND_0028725,0.3659420289855072,0.6666666666666666,0.13043478260869565,0,0.5
CAND_0009928,0.36270903010033434,0.7692307692307692,0.17391304347826086,0,0.25
CAND_0023284,0.36222826086956517,0.625,0.17391304347826086,0,0.5
CAND_0050285,0.3620958751393534,0.5128205128205128,0.13043478260869565,0,0.75
CAND_0099069,0.36023017902813304,0.5882352941176471,0.21739130434782608,0,0.5
CAND_0026253,0.3601449275362319,0.4761904761904762,0.17391304347826086,0,0.75
CAND_0026707,0.3601449275362319,0.4761904761904762,0.17391304347826086,0,0.75
CAND_0057604,0.35990338164251207,0.4444444444444444,0.21739130434782608,0,0.75
CAND_0006092,0.3555994729907773,0.6060606060606061,0.17391304347826086,0,0.5
CAND_0037961,0.3555994729907773,0.6060606060606061,0.17391304347826086,0,0.5
CAND_0093878,0.3555555555555555,0.4444444444444444,0.0,0,1.0
CAND_0022744,0.35507246376811596,0.6666666666666666,0.08695652173913043,0,0.5
CAND_0065541,0.35434782608695653,0.7142857142857143,0.21739130434782608,0,0.25
CAND_0056121,0.35183946488294304,0.7692307692307692,0.13043478260869565,0,0.25
CAND_0009231,0.35136876006441226,0.3703703703703704,0.08695652173913043,0,1.0
CAND_0054591,0.3512263099219621,0.5128205128205128,0.08695652173913043,0,0.75
CAND_0088645,0.3512263099219621,0.5128205128205128,0.08695652173913043,0,0.75
CAND_0051470,0.3501811594202899,0.4166666666666667,0.21739130434782608,0,0.75
CAND_0030503,0.34942791762013725,0.5263157894736842,0.2608695652173913,0,0.5
CAND_0030693,0.34942791762013725,0.5263157894736842,0.2608695652173913,0,0.5
CAND_0076954,0.3493606138107417,0.5882352941176471,0.17391304347826086,0,0.5
CAND_0009679,0.3492753623188406,0.4761904761904762,0.13043478260869565,0,0.75
CAND_0091460,0.3492753623188406,0.4761904761904762,0.13043478260869565,0,0.75
CAND_0003687,0.34903381642512077,0.4444444444444444,0.17391304347826086,0,0.75
CAND_0006467,0.34903381642512077,0.4444444444444444,0.17391304347826086,0,0.75
CAND_0018548,0.34903381642512077,0.4444444444444444,0.17391304347826086,0,0.75
CAND_0048178,0.34879227053140094,0.5555555555555556,0.21739130434782608,0,0.5
CAND_0059283,0.34879227053140094,0.5555555555555555,0.21739130434782608,0,0.5
CAND_0002210,0.3481244671781756,0.39215686274509803,0.043478260869565216,0,1.0
CAND_0088132,0.3481244671781756,0.39215686274509803,0.043478260869565216,0,1.0
CAND_0076962,0.3458333333333333,0.4166666666666667,0.0,0,1.0
CAND_0026437,0.3447299077733861,0.6060606060606061,0.13043478260869565,0,0.5
CAND_0044085,0.3447299077733861,0.6060606060606061,0.13043478260869565,0,0.5
CAND_0054966,0.34454614797864225,0.3508771929824561,0.08695652173913043,0,1.0
CAND_0031929,0.3434782608695652,0.7142857142857143,0.17391304347826086,0,0.25
CAND_0025603,0.34160272804774083,0.39215686274509803,0.21739130434782608,0,0.75
CAND_0032120,0.34160272804774083,0.39215686274509803,0.21739130434782608,0,0.75
CAND_0066145,0.34160272804774083,0.39215686274509803,0.21739130434782608,0,0.75
CAND_0028125,0.3403567447045708,0.5128205128205128,0.043478260869565216,0,0.75
CAND_0037632,0.3403567447045708,0.5128205128205128,0.043478260869565216,0,0.75
CAND_0077512,0.3403567447045708,0.5128205128205128,0.043478260869565216,0,0.75
CAND_0023281,0.33999999999999997,0.39999999999999997,0.0,0,1.0
CAND_0047011,0.33999999999999997,0.39999999999999997,0.0,0,1.0
CAND_0099966,0.33999999999999997,0.39999999999999997,0.0,0,1.0
CAND_0003644,0.3393115942028986,0.4166666666666667,0.17391304347826086,0,0.75
CAND_0023437,0.3393115942028986,0.4166666666666667,0.17391304347826086,0,0.75
CAND_0033196,0.3384910485933504,0.5882352941176471,0.13043478260869565,0,0.5
CAND_0080714,0.33840579710144925,0.3333333333333333,0.08695652173913043,0,1.0
CAND_0003278,0.33816425120772947,0.4444444444444444,0.13043478260869565,0,0.75
CAND_0012467,0.33816425120772947,0.4444444444444444,0.13043478260869565,0,0.75
CAND_0017522,0.33816425120772947,0.4444444444444444,0.13043478260869565,0,0.75
CAND_0061915,0.33816425120772947,0.4444444444444444,0.13043478260869565,0,0.75
CAND_0083168,0.33816425120772947,0.4444444444444444,0.13043478260869565,0,0.75
CAND_0084527,0.3381340579710145,0.20833333333333334,0.2608695652173913,0,1.0
CAND_0004006,0.3379227053140097,0.5555555555555556,0.17391304347826086,0,0.5
CAND_0015026,0.3379227053140097,0.5555555555555556,0.17391304347826086,0,0.5
CAND_0048106,0.3379227053140097,0.5555555555555556,0.17391304347826086,0,0.5
CAND_0049343,0.3379227053140097,0.5555555555555556,0.17391304347826086,0,0.5
CAND_0070590,0.3379227053140096,0.5555555555555555,0.17391304347826086,0,0.5
CAND_0006675,0.33073316283034954,0.39215686274509803,0.17391304347826086,0,0.75
CAND_0042526,0.33073316283034954,0.39215686274509803,0.17391304347826086,0,0.75
CAND_0071334,0.33073316283034954,0.39215686274509803,0.17391304347826086,0,0.75
CAND_0041248,0.3298309178743961,0.2777777777777778,0.13043478260869565,0,1.0
CAND_0008042,0.3294871794871795,0.5128205128205128,0.0,0,0.75
CAND_0040830,0.3284420289855073,0.4166666666666667,0.13043478260869565,0,0.75
CAND_0075930,0.3284420289855073,0.4166666666666667,0.13043478260869565,0,0.75
CAND_0076826,0.3284420289855073,0.4166666666666667,0.13043478260869565,0,0.75
CAND_0080567,0.3284420289855073,0.4166666666666667,0.13043478260869565,0,0.75
CAND_0099494,0.3284420289855073,0.4166666666666667,0.13043478260869565,0,0.75
CAND_0097558,0.32768878718535466,0.5263157894736842,0.17391304347826086,0,0.5
CAND_0026521,0.327536231884058,0.3333333333333333,0.043478260869565216,0,1.0
CAND_0030897,0.327536231884058,0.3333333333333333,0.043478260869565216,0,1.0
CAND_0032159,0.327536231884058,0.3333333333333333,0.043478260869565216,0,1.0
CAND_0064031,0.327536231884058,0.4761904761904762,0.043478260869565216,0,0.75
CAND_0016017,0.3272946859903382,0.4444444444444444,0.08695652173913043,0,0.75
CAND_0030957,0.32705314009661834,0.5555555555555555,0.13043478260869565,0,0.5
CAND_0040268,0.32705314009661834,0.5555555555555556,0.13043478260869565,0,0.5
CAND_0043481,0.32705314009661834,0.5555555555555555,0.13043478260869565,0,0.5
CAND_0043558,0.32705314009661834,0.5555555555555556,0.13043478260869565,0,0.5
CAND_0044319,0.32705314009661834,0.5555555555555555,0.13043478260869565,0,0.5
CAND_0065950,0.32705314009661834,0.5555555555555556,0.13043478260869565,0,0.5
CAND_0073025,0.32705314009661834,0.5555555555555555,0.13043478260869565,0,0.5
CAND_0004761,0.3268115942028985,0.6666666666666666,0.17391304347826086,0,0.25
CAND_0022183,0.325,0.5,0.0,0,0.75
CAND_0048601,0.325,0.5,0.0,0,0.75
CAND_0066501,0.325,0.35714285714285715,0.0,0,1.0
CAND_0094185,0.325,0.5,0.0,0,0.75
CAND_0010846,0.32310789049919486,0.3703703703703704,0.17391304347826086,0,0.75
CAND_0089630,0.32299077733860343,0.6060606060606061,0.043478260869565216,0,0.5
CAND_0020815,0.3229654403567447,0.5128205128205128,0.17391304347826086,0,0.5
CAND_0049130,0.3229654403567447,0.5128205128205128,0.17391304347826086,0,0.5
CAND_0098532,0.3229654403567447,0.5128205128205128,0.17391304347826086,0,0.5
CAND_0060072,0.32280701754385965,0.3508771929824561,0.0,0,1.0
CAND_0028050,0.3207729468599033,0.4444444444444444,0.2608695652173913,0,0.5
CAND_0010267,0.3206896551724138,0.3448275862068966,0.0,0,1.0
CAND_0019105,0.31986359761295824,0.39215686274509803,0.13043478260869565,0,0.75
CAND_0075951,0.31986359761295824,0.39215686274509803,0.13043478260869565,0,0.75
CAND_0013663,0.31896135265700487,0.2777777777777778,0.08695652173913043,0,1.0
CAND_0022035,0.3169301712779974,0.30303030303030304,0.043478260869565216,0,1.0
CAND_0031818,0.3169301712779974,0.30303030303030304,0.043478260869565216,0,1.0
CAND_0087777,0.3169301712779974,0.30303030303030304,0.043478260869565216,0,1.0
CAND_0015367,0.3168192219679634,0.5263157894736842,0.13043478260869565,0,0.5
CAND_0057133,0.3168192219679634,0.5263157894736842,0.13043478260869565,0,0.5
CAND_0066733,0.3168192219679634,0.5263157894736842,0.13043478260869565,0,0.5
CAND_0052029,0.31666666666666665,0.3333333333333333,0.0,0,1.0
CAND_0070328,0.31666666666666665,0.3333333333333333,0.0,0,1.0
CAND_0063128,0.31646903820816863,0.6060606060606061,0.21739130434782608,0,0.25
CAND_0024104,0.3164251207729468,0.4444444444444444,0.043478260869565216,0,0.75
CAND_0070000,0.3164251207729468,0.4444444444444444,0.043478260869565216,0,0.75
CAND_0084319,0.3164251207729468,0.4444444444444444,0.043478260869565216,0,0.75
CAND_0002572,0.3163949275362319,0.20833333333333334,0.17391304347826086,0,1.0
CAND_0034705,0.3159420289855073,0.2380952380952381,0.13043478260869565,0,1.0
CAND_0001403,0.31223832528180356,0.3703703703703704,0.13043478260869565,0,0.75
CAND_0036099,0.31223832528180356,0.3703703703703704,0.13043478260869565,0,0.75
CAND_0051304,0.31223832528180356,0.3703703703703704,0.13043478260869565,0,0.75
CAND_0086190,0.31223832528180356,0.3703703703703704,0.13043478260869565,0,0.75
CAND_0019573,0.3120958751393534,0.5128205128205128,0.13043478260869565,0,0.5
CAND_0041981,0.3120958751393534,0.5128205128205128,0.13043478260869565,0,0.5
CAND_0047032,0.3120958751393534,0.5128205128205128,0.13043478260869565,0,0.5
CAND_0063560,0.3120958751393534,0.5128205128205128,0.13043478260869565,0,0.5
CAND_0068167,0.3120958751393534,0.5128205128205128,0.13043478260869565,0,0.5
CAND_0084838,0.3120958751393534,0.5128205128205128,0.13043478260869565,0,0.5
CAND_0020812,0.3111111111111111,0.31746031746031744,0.0,0,1.0
CAND_0068225,0.3111111111111111,0.31746031746031744,0.0,0,1.0
CAND_0078162,0.3111111111111111,0.31746031746031744,0.0,0,1.0
CAND_0080186,0.31105072463768113,0.4166666666666667,0.2608695652173913,0,0.5
CAND_0033636,0.3101449275362319,0.4761904761904762,0.17391304347826086,0,0.5
CAND_0053960,0.3101449275362319,0.3333333333333333,0.17391304347826086,0,0.75
CAND_0073508,0.3101449275362319,0.4761904761904762,0.17391304347826086,0,0.5
CAND_0095289,0.3101449275362319,0.4761904761904762,0.17391304347826086,0,0.5
CAND_0097535,0.3101449275362319,0.4761904761904762,0.17391304347826086,0,0.5
CAND_0088898,0.309375,0.3125,0.0,0,1.0
CAND_0089595,0.309375,0.3125,0.0,0,1.0
CAND_0038255,0.3090909090909091,0.45454545454545453,0.0,0,0.75
CAND_0065497,0.3090909090909091,0.45454545454545453,0.0,0,0.75
CAND_0067168,0.3090909090909091,0.45454545454545453,0.0,0,0.75
CAND_0080800,0.3090909090909091,0.45454545454545453,0.0,0,0.75
CAND_0097149,0.3090909090909091,0.45454545454545453,0.0,0,0.75
CAND_0012651,0.3080917874396135,0.2777777777777778,0.043478260869565216,0,1.0
CAND_0036257,0.30670289855072463,0.4166666666666667,0.043478260869565216,0,0.75
CAND_0010756,0.3060606060606061,0.30303030303030304,0.0,0,1.0
CAND_0081175,0.3060606060606061,0.30303030303030304,0.0,0,1.0
CAND_0087775,0.3060606060606061,0.30303030303030304,0.0,0,1.0
CAND_0048534,0.3058823529411765,0.5882352941176471,0.0,0,0.5
CAND_0085195,0.30559947299077733,0.6060606060606061,0.17391304347826086,0,0.25
CAND_0094993,0.30559947299077733,0.6060606060606061,0.17391304347826086,0,0.25
CAND_0064468,0.30541571319603356,0.3508771929824561,0.13043478260869565,0,0.75
CAND_0047728,0.30531400966183575,0.5555555555555556,0.043478260869565216,0,0.5
CAND_0020172,0.3050724637681159,0.2380952380952381,0.08695652173913043,0,1.0
CAND_0097712,0.30247229326513214,0.39215686274509803,0.2608695652173913,0,0.5
CAND_0036701,0.3021739130434783,0.43478260869565216,0.0,0,0.75
CAND_0044488,0.3021739130434783,0.43478260869565216,0.0,0,0.75
CAND_0098003,0.3021739130434783,0.43478260869565216,0.0,0,0.75
CAND_0025630,0.30144927536231886,0.2898550724637681,0.0,0,1.0
CAND_0039194,0.30144927536231886,0.2898550724637681,0.0,0,1.0
CAND_0044104,0.3013586956521739,0.625,0.13043478260869565,0,0.25
CAND_0046484,0.3013586956521739,0.625,0.13043478260869565,0,0.25
CAND_0060902,0.3013586956521739,0.625,0.13043478260869565,0,0.25
CAND_0069720,0.3013586956521739,0.625,0.13043478260869565,0,0.25
CAND_0080599,0.3013586956521739,0.625,0.13043478260869565,0,0.25
CAND_0030354,0.30123614663256604,0.19607843137254902,0.13043478260869565,0,1.0
CAND_0068543,0.30123614663256604,0.19607843137254902,0.13043478260869565,0,1.0
CAND_0090924,0.30123614663256604,0.19607843137254902,0.13043478260869565,0,1.0
CAND_0066609,0.30061315496098107,0.2564102564102564,0.043478260869565216,0,1.0
CAND_0018742,0.3001811594202899,0.4166666666666667,0.21739130434782608,0,0.5
CAND_0041982,0.2995169082125604,0.2222222222222222,0.08695652173913043,0,1.0
CAND_0053385,0.29942791762013726,0.5263157894736842,0.2608695652173913,0,0.25
CAND_0001632,0.29927536231884055,0.4761904761904762,0.13043478260869565,0,0.5
CAND_0041349,0.29927536231884055,0.4761904761904762,0.13043478260869565,0,0.5
CAND_0042913,0.29927536231884055,0.4761904761904762,0.13043478260869565,0,0.5
CAND_0089788,0.2990338164251207,0.4444444444444444,0.17391304347826086,0,0.5
CAND_0086297,0.2987922705314009,0.5555555555555555,0.21739130434782608,0,0.25
CAND_0014705,0.29812446717817565,0.39215686274509803,0.043478260869565216,0,0.75
CAND_0040518,0.29812446717817565,0.39215686274509803,0.043478260869565216,0,0.75
CAND_0013311,0.2972222222222222,0.2777777777777778,0.0,0,1.0
CAND_0014860,0.2972222222222222,0.2777777777777778,0.0,0,1.0
CAND_0055429,0.2972222222222222,0.2777777777777778,0.0,0,1.0
CAND_0028537,0.2958333333333334,0.4166666666666667,0.0,0,0.75
CAND_0052281,0.2958333333333334,0.4166666666666667,0.0,0,0.75
CAND_0054968,0.2958333333333334,0.4166666666666667,0.0,0,0.75
CAND_0062421,0.2958333333333334,0.4166666666666667,0.0,0,0.75
CAND_0087930,0.2958333333333334,0.4166666666666667,0.0,0,0.75
CAND_0023699,0.29472990777338604,0.6060606060606061,0.13043478260869565,0,0.25
CAND_0055978,0.29472990777338604,0.6060606060606061,0.13043478260869565,0,0.25
CAND_0069081,0.29472990777338604,0.6060606060606061,0.13043478260869565,0,0.25
CAND_0086134,0.2942028985507246,0.6666666666666666,0.043478260869565216,0,0.25
CAND_0094241,0.2942028985507246,0.6666666666666666,0.043478260869565216,0,0.25
CAND_0032730,0.29333333333333333,0.26666666666666666,0.0,0,1.0
CAND_0055352,0.2916027280477408,0.39215686274509803,0.21739130434782608,0,0.5
CAND_0047553,0.2907004830917875,0.2777777777777778,0.17391304347826086,0,0.75
CAND_0050521,0.2904991948470209,0.3703703703703704,0.043478260869565216,0,0.75
CAND_0046458,0.29035674470457074,0.5128205128205128,0.043478260869565216,0,0.5
CAND_0090987,0.29035674470457074,0.5128205128205128,0.043478260869565216,0,0.5
CAND_0092281,0.29035674470457074,0.5128205128205128,0.043478260869565216,0,0.5
CAND_0004641,0.29000000000000004,0.39999999999999997,0.0,0,0.75
CAND_0007719,0.29000000000000004,0.39999999999999997,0.0,0,0.75
CAND_0014357,0.29000000000000004,0.39999999999999997,0.0,0,0.75
CAND_0044083,0.29000000000000004,0.39999999999999997,0.0,0,0.75
CAND_0052736,0.29000000000000004,0.39999999999999997,0.0,0,0.75
CAND_0045666,0.28974358974358977,0.25641025641025644,0.0,0,1.0
CAND_0078984,0.2897435897435897,0.2564102564102564,0.0,0,1.0
CAND_0019184,0.28931159420289854,0.4166666666666667,0.17391304347826086,0,0.5
CAND_0039082,0.28931159420289854,0.4166666666666667,0.17391304347826086,0,0.5
CAND_0090760,0.28931159420289854,0.4166666666666667,0.17391304347826086,0,0.5
CAND_0021671,0.28866930171278,0.30303030303030304,0.13043478260869565,0,0.75
CAND_0027607,0.28866930171278,0.30303030303030304,0.13043478260869565,0,0.75
CAND_0065493,0.28866930171278,0.30303030303030304,0.13043478260869565,0,0.75
CAND_0013771,0.2884910485933504,0.5882352941176471,0.13043478260869565,0,0.25
CAND_0027589,0.2881642512077295,0.4444444444444444,0.13043478260869565,0,0.5
CAND_0081312,0.2881642512077295,0.4444444444444444,0.13043478260869565,0,0.5
CAND_0098588,0.2881642512077295,0.4444444444444444,0.13043478260869565,0,0.5
CAND_0098903,0.2881642512077295,0.4444444444444444,0.13043478260869565,0,0.5
CAND_0000071,0.28655394524959743,0.1851851851851852,0.08695652173913043,0,1.0
CAND_0056095,0.28655394524959743,0.1851851851851852,0.08695652173913043,0,1.0
CAND_0007207,0.28641975308641976,0.24691358024691357,0.0,0,1.0
CAND_0035016,0.28641975308641976,0.24691358024691357,0.0,0,1.0
CAND_0080084,0.28641975308641976,0.24691358024691357,0.0,0,1.0
CAND_0041799,0.2853658536585366,0.24390243902439027,0.0,0,1.0
CAND_0043261,0.2853658536585366,0.24390243902439027,0.0,0,1.0
CAND_0095909,0.2853658536585366,0.24390243902439027,0.0,0,1.0
CAND_0019198,0.2846153846153846,0.3846153846153846,0.0,0,0.75
CAND_0061354,0.2846153846153846,0.3846153846153846,0.0,0,0.75
CAND_0001419,0.28397745571658617,0.3703703703703704,0.21739130434782608,0,0.5
CAND_0076096,0.283835005574136,0.5128205128205128,0.21739130434782608,0,0.25
CAND_0074971,0.283786231884058,0.20833333333333334,0.043478260869565216,0,1.0
CAND_0062047,0.28367658276125096,0.3508771929824561,0.043478260869565216,0,0.75
CAND_0029345,0.2833333333333333,0.2380952380952381,0.0,0,1.0
CAND_0053369,0.2833333333333333,0.2380952380952381,0.0,0,1.0
CAND_0060411,0.2833333333333333,0.2380952380952381,0.0,0,1.0
CAND_0081928,0.28322185061315497,0.2564102564102564,0.17391304347826086,0,0.75
CAND_0023306,0.28045977011494255,0.2298850574712644,0.0,0,1.0
CAND_0088082,0.28045977011494255,0.2298850574712644,0.0,0,1.0
CAND_0011110,0.2798309178743962,0.2777777777777778,0.13043478260869565,0,0.75
CAND_0079591,0.2798309178743962,0.2777777777777778,0.13043478260869565,0,0.75
CAND_0080683,0.2796296296296296,0.3703703703703703,0.0,0,0.75
CAND_0086858,0.2796296296296296,0.3703703703703703,0.0,0,0.75
CAND_0087276,0.2796296296296296,0.3703703703703703,0.0,0,0.75
CAND_0021787,0.27949701619778344,0.19607843137254902,0.043478260869565216,0,1.0
CAND_0022504,0.27949701619778344,0.19607843137254902,0.043478260869565216,0,1.0
CAND_0052445,0.27949701619778344,0.19607843137254902,0.043478260869565216,0,1.0
CAND_0008989,0.2784420289855073,0.4166666666666667,0.13043478260869565,0,0.5
CAND_0019691,0.2784420289855073,0.4166666666666667,0.13043478260869565,0,0.5
CAND_0021066,0.2784420289855073,0.4166666666666667,0.13043478260869565,0,0.5
CAND_0068937,0.2784420289855073,0.4166666666666667,0.13043478260869565,0,0.5
CAND_0073067,0.2784420289855073,0.4166666666666667,0.13043478260869565,0,0.5
CAND_0089403,0.2784420289855073,0.4166666666666667,0.13043478260869565,0,0.5
CAND_0026311,0.2777997364953887,0.30303030303030304,0.08695652173913043,0,0.75
CAND_0049845,0.2777997364953887,0.30303030303030304,0.08695652173913043,0,0.75
CAND_0052626,0.2777997364953887,0.30303030303030304,0.08695652173913043,0,0.75
CAND_0033587,0.2777777777777778,0.2222222222222222,0.0,0,1.0
CAND_0051509,0.2777777777777778,0.2222222222222222,0.0,0,1.0
CAND_0053125,0.2777777777777778,0.2222222222222222,0.0,0,1.0
CAND_0079118,0.2777777777777778,0.2222222222222222,0.0,0,1.0
CAND_0006367,0.27753623188405796,0.3333333333333333,0.043478260869565216,0,0.75
CAND_0009317,0.27753623188405796,0.4761904761904762,0.043478260869565216,0,0.5
CAND_0019917,0.27753623188405796,0.3333333333333333,0.043478260869565216,0,0.75
CAND_0024812,0.27753623188405796,0.4761904761904762,0.043478260869565216,0,0.5
CAND_0035340,0.27753623188405796,0.3333333333333333,0.043478260869565216,0,0.75
CAND_0043695,0.27753623188405796,0.3333333333333333,0.043478260869565216,0,0.75
CAND_0045876,0.27753623188405796,0.3333333333333333,0.043478260869565216,0,0.75
CAND_0049385,0.27753623188405796,0.4761904761904762,0.043478260869565216,0,0.5
CAND_0054527,0.27753623188405796,0.3333333333333333,0.043478260869565216,0,0.75
CAND_0057260,0.27753623188405796,0.3333333333333333,0.043478260869565216,0,0.75
CAND_0064631,0.27753623188405796,0.4761904761904762,0.043478260869565216,0,0.5
CAND_0070778,0.27753623188405796,0.3333333333333333,0.043478260869565216,0,0.75
CAND_0091055,0.27753623188405796,0.3333333333333333,0.043478260869565216,0,0.75
CAND_0085159,0.27705314009661836,0.5555555555555556,0.13043478260869565,0,0.25
CAND_0080046,0.2768115942028986,0.2380952380952381,0.17391304347826086,0,0.75
CAND_0080355,0.27568438003220613,0.1851851851851852,0.043478260869565216,0,1.0
CAND_0030199,0.2752688172043011,0.21505376344086022,0.0,0,1.0
CAND_0018763,0.275,0.5,0.0,0,0.5
CAND_0022826,0.275,0.35714285714285715,0.0,0,0.75
CAND_0033726,0.275,0.35714285714285715,0.0,0,0.75
CAND_0045984,0.275,0.5,0.0,0,0.5
CAND_0056720,0.275,0.35714285714285715,0.0,0,0.75
CAND_0065296,0.275,0.5,0.0,0,0.5
CAND_0066510,0.275,0.35714285714285715,0.0,0,0.75
CAND_0074834,0.275,0.35714285714285715,0.0,0,0.75
CAND_0012330,0.2731078904991948,0.3703703703703704,0.17391304347826086,0,0.5
CAND_0081187,0.27299077733860344,0.6060606060606061,0.043478260869565216,0,0.25
CAND_0098979,0.27299077733860344,0.6060606060606061,0.043478260869565216,0,0.25
CAND_0036819,0.2729166666666667,0.20833333333333334,0.0,0,1.0
CAND_0076085,0.2729166666666667,0.20833333333333334,0.0,0,1.0
CAND_0027402,0.27235228539576367,0.2564102564102564,0.13043478260869565,0,0.75
CAND_0056613,0.27235228539576367,0.2564102564102564,0.13043478260869565,0,0.75
CAND_0067043,0.27235228539576367,0.2564102564102564,0.13043478260869565,0,0.75
CAND_0033927,0.2722730739893211,0.17543859649122806,0.043478260869565216,0,1.0
CAND_0003903,0.27077294685990333,0.4444444444444444,0.2608695652173913,0,0.25
CAND_0007647,0.27070707070707073,0.20202020202020202,0.0,0,1.0
CAND_0008030,0.27068965517241383,0.3448275862068966,0.0,0,0.75
CAND_0041957,0.27068965517241383,0.3448275862068966,0.0,0,0.75
CAND_0047701,0.27068965517241383,0.3448275862068966,0.0,0,0.75
CAND_0049054,0.27068965517241383,0.3448275862068966,0.0,0,0.75
CAND_0056254,0.27068965517241383,0.3448275862068966,0.0,0,0.75
CAND_0078644,0.27068965517241383,0.3448275862068966,0.0,0,0.75
CAND_0081229,0.27068965517241383,0.3448275862068966,0.0,0,0.75
CAND_0089446,0.27068965517241383,0.3448275862068966,0.0,0,0.75
CAND_0096505,0.27,0.19999999999999998,0.0,0,1.0
CAND_0042129,0.2698635976129582,0.39215686274509803,0.13043478260869565,0,0.5
CAND_0057643,0.2689613526570048,0.2777777777777778,0.08695652173913043,0,0.75
CAND_0006639,0.26862745098039215,0.19607843137254902,0.0,0,1.0
CAND_0057098,0.26862745098039215,0.19607843137254902,0.0,0,1.0
CAND_0022828,0.2673076923076923,0.1923076923076923,0.0,0,1.0
CAND_0011900,0.2669301712779974,0.30303030303030304,0.043478260869565216,0,0.75
CAND_0015953,0.2669301712779974,0.30303030303030304,0.043478260869565216,0,0.75
CAND_0018739,0.2669301712779974,0.30303030303030304,0.043478260869565216,0,0.75
CAND_0019162,0.2669301712779974,0.30303030303030304,0.043478260869565216,0,0.75
CAND_0047220,0.2669301712779974,0.30303030303030304,0.043478260869565216,0,0.75
CAND_0053570,0.2669301712779974,0.30303030303030304,0.043478260869565216,0,0.75
CAND_0056535,0.2669301712779974,0.30303030303030304,0.043478260869565216,0,0.75
CAND_0056683,0.2669301712779974,0.30303030303030304,0.043478260869565216,0,0.75
CAND_0059723,0.2669301712779974,0.30303030303030304,0.043478260869565216,0,0.75
CAND_0070108,0.2669301712779974,0.30303030303030304,0.043478260869565216,0,0.75
CAND_0072674,0.2669301712779974,0.30303030303030304,0.043478260869565216,0,0.75
CAND_0079861,0.2669301712779974,0.30303030303030304,0.043478260869565216,0,0.75
CAND_0084889,0.2669301712779974,0.30303030303030304,0.043478260869565216,0,0.75
CAND_0089861,0.2669301712779974,0.30303030303030304,0.043478260869565216,0,0.75
CAND_0093771,0.2669301712779974,0.30303030303030304,0.043478260869565216,0,0.75
CAND_0008375,0.26681922196796337,0.5263157894736842,0.13043478260869565,0,0.25
CAND_0087186,0.26681922196796337,0.5263157894736842,0.13043478260869565,0,0.25
CAND_0000906,0.26666666666666666,0.3333333333333333,0.0,0,0.75
CAND_0004363,0.26666666666666666,0.3333333333333333,0.0,0,0.75
CAND_0008328,0.26666666666666666,0.3333333333333333,0.0,0,0.75
CAND_0010569,0.26666666666666666,0.3333333333333333,0.0,0,0.75
CAND_0015438,0.26666666666666666,0.19047619047619047,0.0,0,1.0
CAND_0016168,0.26666666666666666,0.19047619047619047,0.0,0,1.0
CAND_0016731,0.26666666666666666,0.19047619047619047,0.0,0,1.0
CAND_0019104,0.26666666666666666,0.3333333333333333,0.0,0,0.75
CAND_0021352,0.26666666666666666,0.4761904761904762,0.0,0,0.5
CAND_0022676,0.26666666666666666,0.4761904761904762,0.0,0,0.5
CAND_0028777,0.26666666666666666,0.3333333333333333,0.0,0,0.75
CAND_0056345,0.26666666666666666,0.4761904761904762,0.0,0,0.5
CAND_0056584,0.26666666666666666,0.4761904761904762,0.0,0,0.5
CAND_0058690,0.26666666666666666,0.3333333333333333,0.0,0,0.75
CAND_0061102,0.26666666666666666,0.4761904761904762,0.0,0,0.5
CAND_0073340,0.26666666666666666,0.4761904761904762,0.0,0,0.5
CAND_0082191,0.26666666666666666,0.19047619047619047,0.0,0,1.0
CAND_0087127,0.26666666666666666,0.4761904761904762,0.0,0,0.5
CAND_0072084,0.26642512077294683,0.4444444444444444,0.043478260869565216,0,0.5
CAND_0073393,0.26642512077294683,0.4444444444444444,0.043478260869565216,0,0.5
CAND_0015029,0.26628527841342486,0.3508771929824561,0.17391304347826086,0,0.5
CAND_0087825,0.26594202898550723,0.2380952380952381,0.13043478260869565,0,0.75
CAND_0022558,0.26575133485888636,0.17543859649122806,0.21739130434782608,0,0.75
CAND_0034641,0.26481481481481484,0.1851851851851852,0.0,0,1.0
CAND_0068284,0.26306306306306304,0.18018018018018014,0.0,0,1.0
CAND_0039950,0.26290322580645165,0.3225806451612903,0.0,0,0.75
CAND_0060125,0.26290322580645165,0.3225806451612903,0.0,0,0.75
CAND_0079649,0.26290322580645165,0.3225806451612903,0.0,0,0.75
CAND_0089922,0.26290322580645165,0.3225806451612903,0.0,0,0.75
CAND_0003515,0.2625,0.17857142857142858,0.0,0,1.0
CAND_0032971,0.2622383252818036,0.3703703703703704,0.13043478260869565,0,0.5
CAND_0066908,0.2622383252818036,0.3703703703703704,0.13043478260869565,0,0.5
CAND_0068887,0.2621057118499574,0.19607843137254902,0.17391304347826086,0,0.75
CAND_0086388,0.2621057118499574,0.19607843137254902,0.17391304347826086,0,0.75
CAND_0003310,0.2620958751393534,0.5128205128205128,0.13043478260869565,0,0.25
CAND_0012102,0.2620958751393534,0.5128205128205128,0.13043478260869565,0,0.25
CAND_0004732,0.2614827201783724,0.2564102564102564,0.08695652173913043,0,0.75
CAND_0057796,0.2614035087719298,0.17543859649122806,0.0,0,1.0
CAND_0065606,0.2614035087719298,0.17543859649122806,0.0,0,1.0
CAND_0098433,0.2614035087719298,0.17543859649122806,0.0,0,1.0
CAND_0011959,0.2611111111111111,0.31746031746031744,0.0,0,0.75
CAND_0023356,0.2611111111111111,0.31746031746031744,0.0,0,0.75
CAND_0025206,0.2611111111111111,0.31746031746031744,0.0,0,0.75
CAND_0030995,0.2611111111111111,0.31746031746031744,0.0,0,0.75
CAND_0038460,0.2611111111111111,0.31746031746031744,0.0,0,0.75
CAND_0054178,0.2611111111111111,0.31746031746031744,0.0,0,0.75
CAND_0062208,0.2611111111111111,0.31746031746031744,0.0,0,0.75
CAND_0082212,0.2611111111111111,0.31746031746031744,0.0,0,0.75
CAND_0008149,0.259375,0.3125,0.0,0,0.75
CAND_0021889,0.259375,0.3125,0.0,0,0.75
CAND_0028817,0.259375,0.3125,0.0,0,0.75
CAND_0015188,0.2590909090909091,0.45454545454545453,0.0,0,0.5
CAND_0024288,0.2590909090909091,0.45454545454545453,0.0,0,0.5
CAND_0057391,0.2590909090909091,0.45454545454545453,0.0,0,0.5
CAND_0089713,0.2590909090909091,0.45454545454545453,0.0,0,0.5
CAND_0004626,0.25833333333333336,0.16666666666666666,0.0,0,1.0
CAND_0014571,0.25833333333333336,0.16666666666666666,0.0,0,1.0
CAND_0015806,0.25833333333333336,0.16666666666666666,0.0,0,1.0
CAND_0031961,0.25833333333333336,0.16666666666666666,0.0,0,1.0
CAND_0046840,0.25833333333333336,0.16666666666666666,0.0,0,1.0
CAND_0064661,0.25833333333333336,0.16666666666666666,0.0,0,1.0
CAND_0001334,0.2580917874396136,0.2777777777777778,0.043478260869565216,0,0.75
CAND_0025581,0.2580917874396136,0.2777777777777778,0.043478260869565216,0,0.75
CAND_0034510,0.2580917874396136,0.2777777777777778,0.043478260869565216,0,0.75
CAND_0042750,0.2580917874396136,0.2777777777777778,0.043478260869565216,0,0.75
CAND_0045106,0.2580917874396136,0.2777777777777778,0.043478260869565216,0,0.75
CAND_0050322,0.2580917874396136,0.2777777777777778,0.043478260869565216,0,0.75
CAND_0052558,0.2580917874396136,0.2777777777777778,0.043478260869565216,0,0.75
CAND_0053638,0.2580917874396136,0.2777777777777778,0.043478260869565216,0,0.75
CAND_0072604,0.2580917874396136,0.2777777777777778,0.043478260869565216,0,0.75
CAND_0080301,0.2580917874396136,0.2777777777777778,0.043478260869565216,0,0.75
CAND_0093604,0.2580917874396136,0.2777777777777778,0.043478260869565216,0,0.75
CAND_0097682,0.2580917874396136,0.2777777777777778,0.043478260869565216,0,0.75
CAND_0080889,0.2573770491803279,0.1639344262295082,0.0,0,1.0
CAND_0003635,0.2569105691056911,0.1626016260162602,0.0,0,1.0
CAND_0097097,0.2569105691056911,0.1626016260162602,0.0,0,1.0
CAND_0093647,0.25670289855072465,0.4166666666666667,0.043478260869565216,0,0.5
CAND_0056442,0.2564516129032258,0.16129032258064516,0.0,0,1.0
CAND_0011576,0.2560606060606061,0.30303030303030304,0.0,0,0.75
CAND_0022933,0.2560606060606061,0.30303030303030304,0.0,0,0.75
CAND_0027925,0.2560606060606061,0.30303030303030304,0.0,0,0.75
CAND_0031005,0.2560606060606061,0.30303030303030304,0.0,0,0.75
CAND_0035915,0.2560606060606061,0.30303030303030304,0.0,0,0.75
CAND_0036820,0.2560606060606061,0.30303030303030304,0.0,0,0.75
CAND_0037417,0.2560606060606061,0.30303030303030304,0.0,0,0.75
CAND_0046092,0.2560606060606061,0.30303030303030304,0.0,0,0.75
CAND_0056089,0.2560606060606061,0.30303030303030304,0.0,0,0.75
CAND_0062129,0.2560606060606061,0.30303030303030304,0.0,0,0.75
CAND_0062950,0.2560606060606061,0.30303030303030304,0.0,0,0.75
CAND_0074202,0.2560606060606061,0.30303030303030304,0.0,0,0.75
CAND_0080594,0.2560606060606061,0.30303030303030304,0.0,0,0.75
CAND_0088797,0.2560606060606061,0.30303030303030304,0.0,0,0.75
CAND_0096621,0.2560606060606061,0.30303030303030304,0.0,0,0.75
CAND_0034651,0.2555555555555556,0.15873015873015875,0.0,0,1.0
CAND_0048366,0.2555555555555556,0.15873015873015875,0.0,0,1.0
CAND_0028344,0.25555555555555554,0.15873015873015872,0.0,0,1.0
CAND_0091175,0.25555555555555554,0.15873015873015872,0.0,0,1.0
CAND_0048840,0.2555253623188406,0.20833333333333334,0.13043478260869565,0,0.75
CAND_0074818,0.2554157131960335,0.3508771929824561,0.13043478260869565,0,0.5
CAND_0092336,0.2554157131960335,0.3508771929824561,0.13043478260869565,0,0.5
CAND_0084813,0.25488176964149506,0.17543859649122806,0.17391304347826086,0,0.75
CAND_0037367,0.25426356589147286,0.15503875968992248,0.0,0,1.0
CAND_0038989,0.25426356589147286,0.15503875968992248,0.0,0,1.0
CAND_0002092,0.25303030303030305,0.15151515151515152,0.0,0,1.0
CAND_0027010,0.25303030303030305,0.15151515151515152,0.0,0,1.0
CAND_0091445,0.25303030303030305,0.15151515151515152,0.0,0,1.0
CAND_0097499,0.25303030303030305,0.15151515151515152,0.0,0,1.0
CAND_0006240,0.2529411764705882,0.29411764705882354,0.0,0,0.75
CAND_0012839,0.2529411764705882,0.29411764705882354,0.0,0,0.75
CAND_0014145,0.2529411764705882,0.29411764705882354,0.0,0,0.75
CAND_0040984,0.2529411764705882,0.29411764705882354,0.0,0,0.75
CAND_0006433,0.2524722932651321,0.39215686274509803,0.2608695652173913,0,0.25
CAND_0001271,0.25217391304347825,0.43478260869565216,0.0,0,0.5
CAND_0004946,0.25217391304347825,0.43478260869565216,0.0,0,0.5
CAND_0055216,0.25217391304347825,0.43478260869565216,0.0,0,0.5
CAND_0070038,0.25217391304347825,0.43478260869565216,0.0,0,0.5
CAND_0081306,0.25217391304347825,0.43478260869565216,0.0,0,0.5
CAND_0011588,0.2518518518518519,0.14814814814814814,0.0,0,1.0
CAND_0026599,0.2518518518518519,0.14814814814814814,0.0,0,1.0
CAND_0082303,0.2514705882352941,0.14705882352941177,0.0,0,1.0
CAND_0018288,0.25144927536231887,0.2898550724637681,0.0,0,0.75
CAND_0030141,0.25144927536231887,0.2898550724637681,0.0,0,0.75
CAND_0076512,0.25144927536231887,0.2898550724637681,0.0,0,0.75
CAND_0077347,0.25144927536231887,0.2898550724637681,0.0,0,0.75
CAND_0091938,0.25144927536231887,0.2898550724637681,0.0,0,0.75
CAND_0021590,0.2513687600644122,0.3703703703703704,0.08695652173913043,0,0.5
CAND_0071590,0.2512361466325661,0.19607843137254902,0.13043478260869565,0,0.75
CAND_0000256,0.25072463768115943,0.14492753623188406,0.0,0,1.0
CAND_0010527,0.25072463768115943,0.14492753623188406,0.0,0,1.0
CAND_0090431,0.25072463768115943,0.14492753623188406,0.0,0,1.0
CAND_0005352,0.250613154960981,0.2564102564102564,0.043478260869565216,0,0.75
CAND_0032392,0.250613154960981,0.2564102564102564,0.043478260869565216,0,0.75
CAND_0042737,0.250613154960981,0.2564102564102564,0.043478260869565216,0,0.75
CAND_0045207,0.250613154960981,0.2564102564102564,0.043478260869565216,0,0.75
CAND_0064887,0.250613154960981,0.2564102564102564,0.043478260869565216,0,0.75
CAND_0070080,0.250613154960981,0.2564102564102564,0.043478260869565216,0,0.75
CAND_0071110,0.250613154960981,0.2564102564102564,0.043478260869565216,0,0.75
CAND_0072434,0.250613154960981,0.2564102564102564,0.043478260869565216,0,0.75
CAND_0075712,0.250613154960981,0.2564102564102564,0.043478260869565216,0,0.75
CAND_0077446,0.250613154960981,0.2564102564102564,0.043478260869565216,0,0.75
CAND_0088877,0.250613154960981,0.2564102564102564,0.043478260869565216,0,0.75
CAND_0099874,0.250613154960981,0.2564102564102564,0.043478260869565216,0,0.75
CAND_0087876,0.25018115942028984,0.4166666666666667,0.21739130434782608,0,0.25
CAND_0009169,0.25,0.2857142857142857,0.0,0,0.75
CAND_0034412,0.25,0.2857142857142857,0.0,0,0.75
CAND_0065066,0.25,0.2857142857142857,0.0,0,0.75
CAND_0096168,0.25,0.2857142857142857,0.0,0,0.75
CAND_0025170,0.249645390070922,0.14184397163120568,0.0,0,1.0
CAND_0009861,0.2495169082125604,0.2222222222222222,0.08695652173913043,0,0.75
CAND_0030800,0.2495169082125604,0.2222222222222222,0.08695652173913043,0,0.75
CAND_0034567,0.2495169082125604,0.2222222222222222,0.08695652173913043,0,0.75
CAND_0075250,0.2495169082125604,0.2222222222222222,0.08695652173913043,0,0.75
CAND_0082686,0.2495169082125604,0.2222222222222222,0.08695652173913043,0,0.75
CAND_0087755,0.2495169082125604,0.2222222222222222,0.08695652173913043,0,0.75
CAND_0026708,0.24936061381074168,0.5882352941176471,0.17391304347826086,0,0.0
CAND_0065725,0.24929577464788732,0.14084507042253522,0.0,0,1.0
CAND_0030021,0.24927536231884057,0.4761904761904762,0.13043478260869565,0,0.25
CAND_0011188,0.24903381642512074,0.4444444444444444,0.17391304347826086,0,0.25
CAND_0019678,0.24861111111111112,0.1388888888888889,0.0,0,1.0
CAND_0070365,0.24861111111111112,0.1388888888888889,0.0,0,1.0
CAND_0074089,0.24861111111111112,0.1388888888888889,0.0,0,1.0
CAND_0038108,0.2481244671781756,0.39215686274509803,0.043478260869565216,0,0.5
CAND_0043819,0.2481244671781756,0.39215686274509803,0.043478260869565216,0,0.5
CAND_0059238,0.24742351046698874,0.1851851851851852,0.13043478260869565,0,0.75
CAND_0090118,0.24742351046698874,0.1851851851851852,0.13043478260869565,0,0.75
CAND_0008092,0.24722222222222223,0.2777777777777778,0.0,0,0.75
CAND_0015003,0.24722222222222223,0.2777777777777778,0.0,0,0.75
CAND_0023470,0.24722222222222223,0.27777777777777773,0.0,0,0.75
CAND_0024636,0.24722222222222223,0.2777777777777778,0.0,0,0.75
CAND_0029469,0.24722222222222223,0.27777777777777773,0.0,0,0.75
CAND_0035493,0.24722222222222223,0.2777777777777778,0.0,0,0.75
CAND_0035775,0.24722222222222223,0.2777777777777778,0.0,0,0.75
CAND_0042393,0.24722222222222223,0.2777777777777778,0.0,0,0.75
CAND_0052462,0.24722222222222223,0.27777777777777773,0.0,0,0.75
CAND_0054849,0.24722222222222223,0.2777777777777778,0.0,0,0.75
CAND_0077047,0.24722222222222223,0.2777777777777778,0.0,0,0.75
CAND_0080976,0.24722222222222223,0.2777777777777778,0.0,0,0.75
CAND_0088791,0.24722222222222223,0.2777777777777778,0.0,0,0.75
CAND_0097860,0.24722222222222223,0.27777777777777773,0.0,0,0.75
CAND_0099411,0.24722222222222223,0.27777777777777773,0.0,0,0.75
CAND_0013814,0.24666666666666667,0.13333333333333333,0.0,0,1.0
CAND_0062606,0.24666666666666667,0.13333333333333333,0.0,0,1.0
CAND_0064773,0.24666666666666667,0.13333333333333333,0.0,0,1.0
CAND_0013371,0.24605263157894738,0.13157894736842105,0.0,0,1.0
CAND_0059713,0.24583333333333335,0.4166666666666667,0.0,0,0.5
CAND_0071762,0.24583333333333335,0.4166666666666667,0.0,0,0.5
CAND_0092260,0.24583333333333335,0.4166666666666667,0.0,0,0.5
CAND_0067902,0.24575163398692812,0.13071895424836602,0.0,0,1.0
CAND_0013072,0.24545454545454548,0.12987012987012989,0.0,0,1.0
CAND_0048801,0.24545454545454548,0.12987012987012989,0.0,0,1.0
CAND_0004570,0.2448717948717949,0.12820512820512822,0.0,0,1.0
CAND_0037406,0.2448717948717949,0.1282051282051282,0.0,0,1.0
CAND_0047629,0.2448717948717949,0.1282051282051282,0.0,0,1.0
CAND_0052367,0.2448717948717949,0.1282051282051282,0.0,0,1.0
CAND_0061849,0.2448717948717949,0.1282051282051282,0.0,0,1.0
CAND_0073680,0.2448717948717949,0.12820512820512822,0.0,0,1.0
CAND_0097140,0.2448717948717949,0.1282051282051282,0.0,0,1.0
CAND_0012193,0.2446557971014493,0.20833333333333334,0.08695652173913043,0,0.75
CAND_0069110,0.2446557971014493,0.20833333333333334,0.08695652173913043,0,0.75
CAND_0094905,0.2446557971014493,0.20833333333333334,0.08695652173913043,0,0.75
CAND_0099651,0.2446557971014493,0.20833333333333334,0.08695652173913043,0,0.75
CAND_0007672,0.2445945945945946,0.27027027027027023,0.0,0,0.75
CAND_0015218,0.2445945945945946,0.27027027027027023,0.0,0,0.75
CAND_0021747,0.2445945945945946,0.27027027027027023,0.0,0,0.75
CAND_0041919,0.2445945945945946,0.27027027027027023,0.0,0,0.75
CAND_0049320,0.2445945945945946,0.27027027027027023,0.0,0,0.75
CAND_0061365,0.2445945945945946,0.27027027027027023,0.0,0,0.75
CAND_0064959,0.2445945945945946,0.27027027027027023,0.0,0,0.75
CAND_0039521,0.24444444444444446,0.5555555555555556,0.0,0,0.25
CAND_0007607,0.24420289855072466,0.2380952380952381,0.043478260869565216,0,0.75
CAND_0025404,0.24420289855072466,0.2380952380952381,0.043478260869565216,0,0.75
CAND_0043114,0.24420289855072466,0.2380952380952381,0.043478260869565216,0,0.75
CAND_0043515,0.24420289855072466,0.2380952380952381,0.043478260869565216,0,0.75
CAND_0045345,0.24420289855072466,0.2380952380952381,0.043478260869565216,0,0.75
CAND_0047342,0.24420289855072466,0.2380952380952381,0.043478260869565216,0,0.75
CAND_0055941,0.24420289855072466,0.2380952380952381,0.043478260869565216,0,0.75
CAND_0066719,0.24420289855072466,0.2380952380952381,0.043478260869565216,0,0.75
CAND_0069525,0.24420289855072466,0.2380952380952381,0.043478260869565216,0,0.75
CAND_0069550,0.24420289855072466,0.2380952380952381,0.043478260869565216,0,0.75
CAND_0080928,0.24420289855072466,0.2380952380952381,0.043478260869565216,0,0.75
CAND_0023543,0.2440251572327044,0.12578616352201258,0.0,0,1.0
CAND_0063515,0.2440251572327044,0.12578616352201258,0.0,0,1.0
CAND_0068487,0.2440251572327044,0.12578616352201258,0.0,0,1.0
CAND_0099716,0.2440251572327044,0.12578616352201258,0.0,0,1.0
CAND_0016788,0.24401220442410376,0.17543859649122806,0.13043478260869565,0,0.75
CAND_0036942,0.24401220442410376,0.17543859649122806,0.13043478260869565,0,0.75
CAND_0047159,0.24401220442410376,0.17543859649122806,0.13043478260869565,0,0.75
CAND_0054741,0.24401220442410376,0.17543859649122806,0.13043478260869565,0,0.75
CAND_0024644,0.24347826086956523,0.0,0.17391304347826086,0,1.0
CAND_0012310,0.24333333333333335,0.26666666666666666,0.0,0,0.75
CAND_0017254,0.24333333333333335,0.26666666666666666,0.0,0,0.75
CAND_0034675,0.24333333333333335,0.26666666666666666,0.0,0,0.75
CAND_0038464,0.24333333333333335,0.26666666666666666,0.0,0,0.75
CAND_0044441,0.24333333333333335,0.26666666666666666,0.0,0,0.75
CAND_0052345,0.24333333333333335,0.26666666666666666,0.0,0,0.75
CAND_0064514,0.24333333333333335,0.26666666666666666,0.0,0,0.75
CAND_0078626,0.24333333333333335,0.26666666666666666,0.0,0,0.75
CAND_0080134,0.24333333333333335,0.26666666666666666,0.0,0,0.75
CAND_0082284,0.24333333333333335,0.26666666666666666,0.0,0,0.75
CAND_0083439,0.24333333333333335,0.26666666666666666,0.0,0,0.75
CAND_0093273,0.24333333333333335,0.26666666666666666,0.0,0,0.75
CAND_0000389,0.24320987654320989,0.12345679012345678,0.0,0,1.0
CAND_0040666,0.24320987654320989,0.12345679012345678,0.0,0,1.0
CAND_0046279,0.24320987654320989,0.12345679012345678,0.0,0,1.0
CAND_0056792,0.24320987654320989,0.12345679012345678,0.0,0,1.0
CAND_0073589,0.24320987654320989,0.12345679012345678,0.0,0,1.0
CAND_0074150,0.24320987654320989,0.12345679012345678,0.0,0,1.0
CAND_0079958,0.24320987654320989,0.12345679012345678,0.0,0,1.0
CAND_0080476,0.24320987654320989,0.12345679012345678,0.0,0,1.0
CAND_0092406,0.24320987654320989,0.12345679012345678,0.0,0,1.0
CAND_0048600,0.24268292682926831,0.12195121951219513,0.0,0,1.0
CAND_0085734,0.24242424242424243,0.12121212121212122,0.0,0,1.0
CAND_0009942,0.2421686746987952,0.12048192771084336,0.0,0,1.0
CAND_0078190,0.24210526315789477,0.2631578947368421,0.0,0,0.75
CAND_0079201,0.24210526315789477,0.2631578947368421,0.0,0,0.75
CAND_0010438,0.24166666666666667,0.11904761904761905,0.0,0,1.0
CAND_0011160,0.24166666666666667,0.11904761904761905,0.0,0,1.0
CAND_0036329,0.24166666666666667,0.11904761904761905,0.0,0,1.0
CAND_0049638,0.24166666666666667,0.11904761904761905,0.0,0,1.0
CAND_0065273,0.24166666666666667,0.11904761904761905,0.0,0,1.0
CAND_0010694,0.2409356725146199,0.11695906432748537,0.0,0,1.0
CAND_0027521,0.24070048309178746,0.2777777777777778,0.17391304347826086,0,0.5
CAND_0042471,0.24070048309178746,0.2777777777777778,0.17391304347826086,0,0.5
CAND_0064614,0.24070048309178746,0.2777777777777778,0.17391304347826086,0,0.5
CAND_0011652,0.24069767441860465,0.11627906976744186,0.0,0,1.0
CAND_0064169,0.24069767441860465,0.11627906976744186,0.0,0,1.0
CAND_0097347,0.24049919484702093,0.3703703703703704,0.043478260869565216,0,0.5
CAND_0010357,0.24036658141517478,0.19607843137254902,0.08695652173913043,0,0.75
CAND_0038198,0.24036658141517478,0.19607843137254902,0.08695652173913043,0,0.75
